Naruto EP 001,https://archive.org/download/naruto-036-bd-800p-df-68/Naruto_-_001_BD_800p_df68.mp4
Naruto EP 002,https://archive.org/download/naruto-036-bd-800p-df-68/Naruto_-_002_BD_800p_df68.mp4
Naruto EP 003,https://archive.org/download/naruto-036-bd-800p-df-68/Naruto_-_003_BD_800p_df68.mp4
Naruto EP 004,https://archive.org/download/naruto-036-bd-800p-df-68/Naruto_-_004_BD_800p_df68.mp4
Naruto EP 005,https://archive.org/download/naruto-036-bd-800p-df-68/Naruto_-_005_BD_800p_df68.mp4
Naruto EP 006,https://archive.org/download/naruto-036-bd-800p-df-68/Naruto_-_006_BD_800p_df68.mp4
Naruto EP 007,https://archive.org/download/naruto-036-bd-800p-df-68/Naruto_-_007_BD_800p_df68.mp4
Naruto EP 008,https://archive.org/download/naruto-036-bd-800p-df-68/Naruto_-_008_BD_800p_df68.mp4
Naruto EP 009,https://archive.org/download/naruto-036-bd-800p-df-68/Naruto_-_009_BD_800p_df68.mp4
Naruto EP 010,https://archive.org/download/naruto-036-bd-800p-df-68/Naruto_-_010_BD_800p_df68.mp4
Naruto EP 011,https://archive.org/download/naruto-036-bd-800p-df-68/Naruto_-_011_BD_800p_df68.mp4
Naruto EP 012,https://archive.org/download/naruto-036-bd-800p-df-68/Naruto_-_012_BD_800p_df68.mp4
Naruto EP 013,https://archive.org/download/naruto-036-bd-800p-df-68/Naruto_-_013_BD_800p_df68.mp4
Naruto EP 014,https://archive.org/download/naruto-036-bd-800p-df-68/Naruto_-_014_BD_800p_df68.mp4
Naruto EP 015,https://archive.org/download/naruto-036-bd-800p-df-68/Naruto_-_015_BD_800p_df68.mp4
Naruto EP 016,https://archive.org/download/naruto-036-bd-800p-df-68/Naruto_-_016_BD_800p_df68.mp4
Naruto EP 017,https://archive.org/download/naruto-036-bd-800p-df-68/Naruto_-_017_BD_800p_df68.mp4
Naruto EP 018,https://archive.org/download/naruto-036-bd-800p-df-68/Naruto_-_018_BD_800p_df68.mp4
Naruto EP 019,https://archive.org/download/naruto-036-bd-800p-df-68/Naruto_-_019_BD_800p_df68.mp4
Naruto EP 020,https://archive.org/download/naruto-036-bd-800p-df-68/Naruto_-_020_BD_800p_df68.mp4
Naruto EP 021,https://archive.org/download/naruto-036-bd-800p-df-68/Naruto_-_021_BD_800p_df68.mp4
Naruto EP 022,https://archive.org/download/naruto-036-bd-800p-df-68/Naruto_-_022_BD_800p_df68.mp4
Naruto EP 023,https://archive.org/download/naruto-036-bd-800p-df-68/Naruto_-_023_BD_800p_df68.mp4
Naruto EP 024,https://archive.org/download/naruto-036-bd-800p-df-68/Naruto_-_024_BD_800p_df68.mp4
Naruto EP 025,https://archive.org/download/naruto-036-bd-800p-df-68/Naruto_-_025_BD_800p_df68.mp4
Naruto EP 026,https://archive.org/download/naruto-036-bd-800p-df-68/Naruto_-_026_BD_800p_df68.mp4
Naruto EP 027,https://archive.org/download/naruto-036-bd-800p-df-68/Naruto_-_027_BD_800p_df68.mp4
Naruto EP 028,https://archive.org/download/naruto-036-bd-800p-df-68/Naruto_-_028_BD_800p_df68.mp4
Naruto EP 029,https://archive.org/download/naruto-036-bd-800p-df-68/Naruto_-_029_BD_800p_df68.mp4
Naruto EP 030,https://archive.org/download/naruto-036-bd-800p-df-68/Naruto_-_030_BD_800p_df68.mp4
Naruto EP 031,https://archive.org/download/naruto-036-bd-800p-df-68/Naruto_-_031_BD_800p_df68.mp4
Naruto EP 032,https://archive.org/download/naruto-036-bd-800p-df-68/Naruto_-_032_BD_800p_df68.mp4
Naruto EP 033,https://archive.org/download/naruto-036-bd-800p-df-68/Naruto_-_033_BD_800p_df68.mp4
Naruto EP 034,https://archive.org/download/naruto-036-bd-800p-df-68/Naruto_-_034_BD_800p_df68.mp4
Naruto EP 035,https://archive.org/download/naruto-036-bd-800p-df-68/Naruto_-_035_BD_800p_df68.mp4
Naruto EP 036,https://archive.org/download/naruto-036-bd-800p-df-68/Naruto_-_036_BD_800p_df68.mp4
Naruto EP 037,https://archive.org/download/naruto-036-bd-800p-df-68/Naruto_-_037_BD_800p_df68.mp4
Naruto EP 038,https://archive.org/download/naruto-036-bd-800p-df-68/Naruto_-_038_BD_800p_df68.mp4
Naruto EP 039,https://archive.org/download/naruto-036-bd-800p-df-68/Naruto_-_039_BD_800p_df68.mp4
Naruto EP 040,https://archive.org/download/naruto-036-bd-800p-df-68/Naruto_-_040_BD_800p_df68.mp4
Naruto EP 041,https://archive.org/download/naruto-036-bd-800p-df-68/Naruto_-_041_BD_800p_df68.mp4
Naruto EP 042,https://archive.org/download/naruto-036-bd-800p-df-68/Naruto_-_042_BD_800p_df68.mp4
Naruto EP 043,https://archive.org/download/naruto-036-bd-800p-df-68/Naruto_-_043_BD_800p_df68.mp4
Naruto EP 044,https://archive.org/download/naruto-036-bd-800p-df-68/Naruto_-_044_BD_800p_df68.mp4
Naruto EP 045,https://archive.org/download/naruto-036-bd-800p-df-68/Naruto_-_045_BD_800p_df68.mp4
Naruto EP 046,https://archive.org/download/naruto-036-bd-800p-df-68/Naruto_-_046_BD_800p_df68.mp4
Naruto EP 047,https://archive.org/download/naruto-036-bd-800p-df-68/Naruto_-_047_BD_800p_df68.mp4
Naruto EP 048,https://archive.org/download/naruto-036-bd-800p-df-68/Naruto_-_048_BD_800p_df68.mp4
Naruto EP 049,https://archive.org/download/naruto-036-bd-800p-df-68/Naruto_-_049_BD_800p_df68.mp4
Naruto EP 050,https://archive.org/download/naruto-036-bd-800p-df-68/Naruto_-_050_BD_800p_df68.mp4
Naruto EP 051,https://archive.org/download/naruto-036-bd-800p-df-68/Naruto_-_051_BD_800p_df68.mp4
Naruto EP 052,https://archive.org/download/naruto-036-bd-800p-df-68/Naruto_-_052_BD_800p_df68.mp4
Naruto EP 053,https://archive.org/download/naruto-036-bd-800p-df-68/Naruto_-_053_BD_800p_df68.mp4
Naruto EP 054,https://archive.org/download/naruto-036-bd-800p-df-68/Naruto_-_054_BD_800p_df68.mp4
Naruto EP 055,https://archive.org/download/naruto-036-bd-800p-df-68/Naruto_-_055_BD_800p_df68.mp4
Naruto EP 056,https://archive.org/download/naruto-036-bd-800p-df-68/Naruto_-_056_BD_800p_df68.mp4
Naruto EP 057,https://archive.org/download/naruto-036-bd-800p-df-68/Naruto_-_057_BD_800p_df68.mp4
Naruto EP 058,https://archive.org/download/naruto-036-bd-800p-df-68/Naruto_-_058_BD_800p_df68.mp4
Naruto EP 059,https://archive.org/download/naruto-036-bd-800p-df-68/Naruto_-_059_BD_800p_df68.mp4
Naruto EP 060,https://archive.org/download/naruto-036-bd-800p-df-68/Naruto_-_060_BD_800p_df68.mp4
Naruto EP 061,https://archive.org/download/naruto-036-bd-800p-df-68/Naruto_-_061_BD_800p_df68.mp4
Naruto EP 062,https://archive.org/download/naruto-036-bd-800p-df-68/Naruto_-_062_BD_800p_df68.mp4
Naruto EP 063,https://archive.org/download/naruto-036-bd-800p-df-68/Naruto_-_063_BD_800p_df68.mp4
Naruto EP 064,https://archive.org/download/naruto-036-bd-800p-df-68/Naruto_-_064_BD_800p_df68.mp4
Naruto EP 065,https://archive.org/download/naruto-036-bd-800p-df-68/Naruto_-_065_BD_800p_df68.mp4
Naruto EP 066,https://archive.org/download/naruto-036-bd-800p-df-68/Naruto_-_066_BD_800p_df68.mp4
Naruto EP 067,https://archive.org/download/naruto-036-bd-800p-df-68/Naruto_-_067_BD_800p_df68.mp4
Naruto EP 068,https://archive.org/download/naruto-036-bd-800p-df-68/Naruto_-_068_BD_800p_df68.mp4
Naruto EP 069,https://archive.org/download/naruto-036-bd-800p-df-68/Naruto_-_069_BD_800p_df68.mp4
Naruto EP 070,https://archive.org/download/naruto-036-bd-800p-df-68/Naruto_-_070_BD_800p_df68.mp4
Naruto EP 071,https://archive.org/download/naruto-036-bd-800p-df-68/Naruto_-_071_BD_800p_df68.mp4
Naruto EP 072,https://archive.org/download/naruto-036-bd-800p-df-68/Naruto_-_072_BD_800p_df68.mp4
Naruto EP 073,https://archive.org/download/naruto-036-bd-800p-df-68/Naruto_-_073_BD_800p_df68.mp4
Naruto EP 074,https://archive.org/download/naruto-036-bd-800p-df-68/Naruto_-_074_BD_800p_df68.mp4
Naruto EP 075,https://archive.org/download/naruto-036-bd-800p-df-68/Naruto_-_075_BD_800p_df68.mp4
Naruto EP 076,https://archive.org/download/naruto-036-bd-800p-df-68/Naruto_-_076_BD_800p_df68.mp4
Naruto EP 077,https://archive.org/download/naruto-036-bd-800p-df-68/Naruto_-_077_BD_800p_df68.mp4
Naruto EP 078,https://archive.org/download/naruto-036-bd-800p-df-68/Naruto_-_078_BD_800p_df68.mp4
Naruto EP 079,https://archive.org/download/naruto-036-bd-800p-df-68/Naruto_-_079_BD_800p_df68.mp4
Naruto EP 080,https://archive.org/download/naruto-036-bd-800p-df-68/Naruto_-_080_BD_800p_df68.mp4
Naruto EP 081,https://archive.org/download/naruto-036-bd-800p-df-68/Naruto_-_081_BD_800p_df68.mp4
Naruto EP 082,https://archive.org/download/naruto-036-bd-800p-df-68/Naruto_-_082_BD_800p_df68.mp4
Naruto EP 083,https://archive.org/download/naruto-036-bd-800p-df-68/Naruto_-_083_BD_800p_df68.mp4
Naruto EP 084,https://archive.org/download/naruto-036-bd-800p-df-68/Naruto_-_084_BD_800p_df68.mp4
Naruto EP 085,https://archive.org/download/naruto-036-bd-800p-df-68/Naruto_-_085_BD_800p_df68.mp4
Naruto EP 086,https://archive.org/download/naruto-036-bd-800p-df-68/Naruto_-_086_BD_800p_df68.mp4
Naruto EP 087,https://archive.org/download/naruto-036-bd-800p-df-68/Naruto_-_087_BD_800p_df68.mp4
Naruto EP 088,https://archive.org/download/naruto-036-bd-800p-df-68/Naruto_-_088_BD_800p_df68.mp4
Naruto EP 089,https://archive.org/download/naruto-036-bd-800p-df-68/Naruto_-_089_BD_800p_df68.mp4
Naruto EP 090,https://archive.org/download/naruto-036-bd-800p-df-68/Naruto_-_090_BD_800p_df68.mp4
Naruto EP 091,https://archive.org/download/naruto-036-bd-800p-df-68/Naruto_-_091_BD_800p_df68.mp4
Naruto EP 092,https://archive.org/download/naruto-036-bd-800p-df-68/Naruto_-_092_BD_800p_df68.mp4
Naruto EP 093,https://archive.org/download/naruto-036-bd-800p-df-68/Naruto_-_093_BD_800p_df68.mp4
Naruto EP 094,https://archive.org/download/naruto-036-bd-800p-df-68/Naruto_-_094_BD_800p_df68.mp4
Naruto EP 095,https://archive.org/download/naruto-036-bd-800p-df-68/Naruto_-_095_BD_800p_df68.mp4
Naruto EP 096,https://archive.org/download/naruto-036-bd-800p-df-68/Naruto_-_096_BD_800p_df68.mp4
Naruto EP 097,https://archive.org/download/naruto-036-bd-800p-df-68/Naruto_-_097_BD_800p_df68.mp4
Naruto EP 098,https://archive.org/download/naruto-036-bd-800p-df-68/Naruto_-_098_BD_800p_df68.mp4
Naruto EP 099,https://archive.org/download/naruto-036-bd-800p-df-68/Naruto_-_099_BD_800p_df68.mp4
Naruto EP 100,https://archive.org/download/naruto-036-bd-800p-df-68/Naruto_-_100_BD_800p_df68.mp4
Naruto EP 101,https://archive.org/download/naruto-036-bd-800p-df-68/Naruto_-_101_BD_800p_df68.mp4
Naruto EP 102,https://archive.org/download/naruto-036-bd-800p-df-68/Naruto_-_102_BD_800p_df68.mp4
Naruto EP 103,https://archive.org/download/naruto-036-bd-800p-df-68/Naruto_-_103_BD_800p_df68.mp4
Naruto EP 104,https://archive.org/download/naruto-036-bd-800p-df-68/Naruto_-_104_BD_800p_df68.mp4
Naruto EP 105,https://archive.org/download/naruto-036-bd-800p-df-68/Naruto_-_105_BD_800p_df68.mp4
Naruto EP 106,https://archive.org/download/naruto-036-bd-800p-df-68/Naruto_-_106_BD_800p_df68.mp4
Naruto EP 107,https://archive.org/download/naruto-036-bd-800p-df-68/Naruto_-_107_BD_800p_df68.mp4
Naruto EP 108,https://archive.org/download/naruto-036-bd-800p-df-68/Naruto_-_108_BD_800p_df68.mp4
Naruto EP 109,https://archive.org/download/naruto-036-bd-800p-df-68/Naruto_-_109_BD_800p_df68.mp4
Naruto EP 110,https://archive.org/download/naruto-036-bd-800p-df-68/Naruto_-_110_BD_800p_df68.mp4
Naruto EP 111,https://archive.org/download/naruto-036-bd-800p-df-68/Naruto_-_111_BD_800p_df68.mp4
Naruto EP 112,https://archive.org/download/naruto-036-bd-800p-df-68/Naruto_-_112_BD_800p_df68.mp4
Naruto EP 113,https://archive.org/download/naruto-036-bd-800p-df-68/Naruto_-_113_BD_800p_df68.mp4
Naruto EP 114,https://archive.org/download/naruto-036-bd-800p-df-68/Naruto_-_114_BD_800p_df68.mp4
Naruto EP 115,https://archive.org/download/naruto-036-bd-800p-df-68/Naruto_-_115_BD_800p_df68.mp4
Naruto EP 116,https://archive.org/download/naruto-036-bd-800p-df-68/Naruto_-_116_BD_800p_df68.mp4
Naruto EP 117,https://archive.org/download/naruto-036-bd-800p-df-68/Naruto_-_117_BD_800p_df68.mp4
Naruto EP 118,https://archive.org/download/naruto-036-bd-800p-df-68/Naruto_-_118_BD_800p_df68.mp4
Naruto EP 119,https://archive.org/download/naruto-036-bd-800p-df-68/Naruto_-_119_BD_800p_df68.mp4
Naruto EP 120,https://archive.org/download/naruto-036-bd-800p-df-68/Naruto_-_120_BD_800p_df68.mp4
Naruto EP 121,https://archive.org/download/naruto-036-bd-800p-df-68/Naruto_-_121_BD_800p_df68.mp4
Naruto EP 122,https://archive.org/download/naruto-036-bd-800p-df-68/Naruto_-_122_BD_800p_df68.mp4
Naruto EP 123,https://archive.org/download/naruto-036-bd-800p-df-68/Naruto_-_123_BD_800p_df68.mp4
Naruto EP 124,https://archive.org/download/naruto-036-bd-800p-df-68/Naruto_-_124_BD_800p_df68.mp4
Naruto EP 125,https://archive.org/download/naruto-036-bd-800p-df-68/Naruto_-_125_BD_800p_df68.mp4
Naruto EP 126,https://archive.org/download/naruto-036-bd-800p-df-68/Naruto_-_126_BD_800p_df68.mp4
Naruto EP 127,https://archive.org/download/naruto-036-bd-800p-df-68/Naruto_-_127_BD_800p_df68.mp4
Naruto EP 128,https://archive.org/download/naruto-036-bd-800p-df-68/Naruto_-_128_BD_800p_df68.mp4
Naruto EP 129,https://archive.org/download/naruto-036-bd-800p-df-68/Naruto_-_129_BD_800p_df68.mp4
Naruto EP 130,https://archive.org/download/naruto-036-bd-800p-df-68/Naruto_-_130_BD_800p_df68.mp4
Naruto EP 131,https://archive.org/download/naruto-036-bd-800p-df-68/Naruto_-_131_BD_800p_df68.mp4
Naruto EP 132,https://archive.org/download/naruto-036-bd-800p-df-68/Naruto_-_132_BD_800p_df68.mp4
Naruto EP 133,https://archive.org/download/naruto-036-bd-800p-df-68/Naruto_-_133_BD_800p_df68.mp4
Naruto EP 134,https://archive.org/download/naruto-036-bd-800p-df-68/Naruto_-_134_BD_800p_df68.mp4
Naruto EP 135,https://archive.org/download/naruto-036-bd-800p-df-68/Naruto_-_135_BD_800p_df68.mp4
Naruto EP 136,https://archive.org/download/naruto-036-bd-800p-df-68/Naruto_-_136_BD_800p_df68.mp4
Naruto EP 137,https://archive.org/download/naruto-036-bd-800p-df-68/Naruto_-_137_BD_800p_df68.mp4
Naruto EP 138,https://archive.org/download/naruto-036-bd-800p-df-68/Naruto_-_138_BD_800p_df68.mp4
Naruto EP 139,https://archive.org/download/naruto-036-bd-800p-df-68/Naruto_-_139_BD_800p_df68.mp4
Naruto EP 140,https://archive.org/download/naruto-036-bd-800p-df-68/Naruto_-_140_BD_800p_df68.mp4
Naruto EP 141,https://archive.org/download/naruto-036-bd-800p-df-68/Naruto_-_141_BD_800p_df68.mp4
Naruto EP 142,https://archive.org/download/naruto-036-bd-800p-df-68/Naruto_-_142_BD_800p_df68.mp4
Naruto EP 143,https://archive.org/download/naruto-036-bd-800p-df-68/Naruto_-_143_BD_800p_df68.mp4
Naruto EP 144,https://archive.org/download/naruto-036-bd-800p-df-68/Naruto_-_144_BD_800p_df68.mp4
Naruto EP 145,https://archive.org/download/naruto-036-bd-800p-df-68/Naruto_-_145_BD_800p_df68.mp4
Naruto EP 146,https://archive.org/download/naruto-036-bd-800p-df-68/Naruto_-_146_BD_800p_df68.mp4
Naruto EP 147,https://archive.org/download/naruto-036-bd-800p-df-68/Naruto_-_147_BD_800p_df68.mp4
Naruto EP 148,https://archive.org/download/naruto-036-bd-800p-df-68/Naruto_-_148_BD_800p_df68.mp4
Naruto EP 149,https://archive.org/download/naruto-036-bd-800p-df-68/Naruto_-_149_BD_800p_df68.mp4
Naruto EP 150,https://archive.org/download/naruto-036-bd-800p-df-68/Naruto_-_150_BD_800p_df68.mp4
Naruto EP 151,https://archive.org/download/naruto-036-bd-800p-df-68/Naruto_-_151_BD_800p_df68.mp4
Naruto EP 152,https://archive.org/download/naruto-036-bd-800p-df-68/Naruto_-_152_BD_800p_df68.mp4
Naruto EP 153,https://archive.org/download/naruto-036-bd-800p-df-68/Naruto_-_153_BD_800p_df68.mp4
Naruto EP 154,https://archive.org/download/naruto-036-bd-800p-df-68/Naruto_-_154_BD_800p_df68.mp4
Naruto EP 155,https://archive.org/download/naruto-036-bd-800p-df-68/Naruto_-_155_BD_800p_df68.mp4
Naruto EP 156,https://archive.org/download/naruto-036-bd-800p-df-68/Naruto_-_156_BD_800p_df68.mp4
Naruto EP 157,https://archive.org/download/naruto-036-bd-800p-df-68/Naruto_-_157_BD_800p_df68.mp4
Naruto EP 158,https://archive.org/download/naruto-036-bd-800p-df-68/Naruto_-_158_BD_800p_df68.mp4
Naruto EP 159,https://archive.org/download/naruto-036-bd-800p-df-68/Naruto_-_159_BD_800p_df68.mp4
Naruto EP 160,https://archive.org/download/naruto-036-bd-800p-df-68/Naruto_-_160_BD_800p_df68.mp4
Naruto EP 161,https://archive.org/download/naruto-036-bd-800p-df-68/Naruto_-_161_BD_800p_df68.mp4
Naruto EP 162,https://archive.org/download/naruto-036-bd-800p-df-68/Naruto_-_162_BD_800p_df68.mp4
Naruto EP 163,https://archive.org/download/naruto-036-bd-800p-df-68/Naruto_-_163_BD_800p_df68.mp4
Naruto EP 164,https://archive.org/download/naruto-036-bd-800p-df-68/Naruto_-_164_BD_800p_df68.mp4
Naruto EP 165,https://archive.org/download/naruto-036-bd-800p-df-68/Naruto_-_165_BD_800p_df68.mp4
Naruto EP 166,https://archive.org/download/naruto-036-bd-800p-df-68/Naruto_-_166_BD_800p_df68.mp4
Naruto EP 167,https://archive.org/download/naruto-036-bd-800p-df-68/Naruto_-_167_BD_800p_df68.mp4
Naruto EP 168,https://archive.org/download/naruto-036-bd-800p-df-68/Naruto_-_168_BD_800p_df68.mp4
Naruto EP 169,https://archive.org/download/naruto-036-bd-800p-df-68/Naruto_-_169_BD_800p_df68.mp4
Naruto EP 170,https://archive.org/download/naruto-036-bd-800p-df-68/Naruto_-_170_BD_800p_df68.mp4
Naruto EP 171,https://archive.org/download/naruto-036-bd-800p-df-68/Naruto_-_171_BD_800p_df68.mp4
Naruto EP 172,https://archive.org/download/naruto-036-bd-800p-df-68/Naruto_-_172_BD_800p_df68.mp4
Naruto EP 173,https://archive.org/download/naruto-036-bd-800p-df-68/Naruto_-_173_BD_800p_df68.mp4
Naruto EP 174,https://archive.org/download/naruto-036-bd-800p-df-68/Naruto_-_174_BD_800p_df68.mp4
Naruto EP 175,https://archive.org/download/naruto-036-bd-800p-df-68/Naruto_-_175_BD_800p_df68.mp4
Naruto EP 176,https://archive.org/download/naruto-036-bd-800p-df-68/Naruto_-_176_BD_800p_df68.mp4
Naruto EP 177,https://archive.org/download/naruto-036-bd-800p-df-68/Naruto_-_177_BD_800p_df68.mp4
Naruto EP 178,https://archive.org/download/naruto-036-bd-800p-df-68/Naruto_-_178_BD_800p_df68.mp4
Naruto EP 179,https://archive.org/download/naruto-036-bd-800p-df-68/Naruto_-_179_BD_800p_df68.mp4
Naruto EP 180,https://archive.org/download/naruto-036-bd-800p-df-68/Naruto_-_180_BD_800p_df68.mp4
Naruto EP 181,https://archive.org/download/naruto-036-bd-800p-df-68/Naruto_-_181_BD_800p_df68.mp4
Naruto EP 182,https://archive.org/download/naruto-036-bd-800p-df-68/Naruto_-_182_BD_800p_df68.mp4
Naruto EP 183,https://archive.org/download/naruto-036-bd-800p-df-68/Naruto_-_183_BD_800p_df68.mp4
Naruto EP 184,https://archive.org/download/naruto-036-bd-800p-df-68/Naruto_-_184_BD_800p_df68.mp4
Naruto EP 185,https://archive.org/download/naruto-036-bd-800p-df-68/Naruto_-_185_BD_800p_df68.mp4
Naruto EP 186,https://archive.org/download/naruto-036-bd-800p-df-68/Naruto_-_186_BD_800p_df68.mp4
Naruto EP 187,https://archive.org/download/naruto-036-bd-800p-df-68/Naruto_-_187_BD_800p_df68.mp4
Naruto EP 188,https://archive.org/download/naruto-036-bd-800p-df-68/Naruto_-_188_BD_800p_df68.mp4
Naruto EP 189,https://archive.org/download/naruto-036-bd-800p-df-68/Naruto_-_189_BD_800p_df68.mp4
Naruto EP 190,https://archive.org/download/naruto-036-bd-800p-df-68/Naruto_-_190_BD_800p_df68.mp4
Naruto EP 191,https://archive.org/download/naruto-036-bd-800p-df-68/Naruto_-_191_BD_800p_df68.mp4
Naruto EP 192,https://archive.org/download/naruto-036-bd-800p-df-68/Naruto_-_192_BD_800p_df68.mp4
Naruto EP 193,https://archive.org/download/naruto-036-bd-800p-df-68/Naruto_-_193_BD_800p_df68.mp4
Naruto EP 194,https://archive.org/download/naruto-036-bd-800p-df-68/Naruto_-_194_BD_800p_df68.mp4
Naruto EP 195,https://archive.org/download/naruto-036-bd-800p-df-68/Naruto_-_195_BD_800p_df68.mp4
Naruto EP 196,https://archive.org/download/naruto-036-bd-800p-df-68/Naruto_-_196_BD_800p_df68.mp4
Naruto EP 197,https://archive.org/download/naruto-036-bd-800p-df-68/Naruto_-_197_BD_800p_df68.mp4
Naruto EP 198,https://archive.org/download/naruto-036-bd-800p-df-68/Naruto_-_198_BD_800p_df68.mp4
Naruto EP 199,https://archive.org/download/naruto-036-bd-800p-df-68/Naruto_-_199_BD_800p_df68.mp4
Naruto EP 200,https://archive.org/download/naruto-036-bd-800p-df-68/Naruto_-_200_BD_800p_df68.mp4
Naruto EP 201,https://archive.org/download/naruto-036-bd-800p-df-68/Naruto_-_201_BD_800p_df68.mp4
Naruto EP 202,https://archive.org/download/naruto-036-bd-800p-df-68/Naruto_-_202_BD_800p_df68.mp4
Naruto EP 203,https://archive.org/download/naruto-036-bd-800p-df-68/Naruto_-_203_BD_800p_df68.mp4
Naruto EP 204,https://archive.org/download/naruto-036-bd-800p-df-68/Naruto_-_204_BD_800p_df68.mp4
Naruto EP 205,https://archive.org/download/naruto-036-bd-800p-df-68/Naruto_-_205_BD_800p_df68.mp4
Naruto EP 206,https://archive.org/download/naruto-036-bd-800p-df-68/Naruto_-_206_BD_800p_df68.mp4
Naruto EP 207,https://archive.org/download/naruto-036-bd-800p-df-68/Naruto_-_207_BD_800p_df68.mp4
Naruto EP 208,https://archive.org/download/naruto-036-bd-800p-df-68/Naruto_-_208_BD_800p_df68.mp4
Naruto EP 209,https://archive.org/download/naruto-036-bd-800p-df-68/Naruto_-_209_BD_800p_df68.mp4
Naruto EP 210,https://archive.org/download/naruto-036-bd-800p-df-68/Naruto_-_210_BD_800p_df68.mp4
Naruto EP 211,https://archive.org/download/naruto-036-bd-800p-df-68/Naruto_-_211_BD_800p_df68.mp4
Naruto EP 212,https://archive.org/download/naruto-036-bd-800p-df-68/Naruto_-_212_BD_800p_df68.mp4
Naruto EP 213,https://archive.org/download/naruto-036-bd-800p-df-68/Naruto_-_213_BD_800p_df68.mp4
Naruto EP 214,https://archive.org/download/naruto-036-bd-800p-df-68/Naruto_-_214_BD_800p_df68.mp4
Naruto EP 215,https://archive.org/download/naruto-036-bd-800p-df-68/Naruto_-_215_BD_800p_df68.mp4
Naruto EP 216,https://archive.org/download/naruto-036-bd-800p-df-68/Naruto_-_216_BD_800p_df68.mp4
Naruto EP 217,https://archive.org/download/naruto-036-bd-800p-df-68/Naruto_-_217_BD_800p_df68.mp4
Naruto EP 218,https://archive.org/download/naruto-036-bd-800p-df-68/Naruto_-_218_BD_800p_df68.mp4
Naruto EP 219,https://archive.org/download/naruto-036-bd-800p-df-68/Naruto_-_219_BD_800p_df68.mp4
Naruto EP 220,https://archive.org/download/naruto-036-bd-800p-df-68/Naruto_-_220_BD_800p_df68.mp4
